0,34,84,Order0,Rest0,t0,dt0
1,100,49,Order1,Rest1,t1,dt1
2,22,35,Order2,Rest0,t2,dt2
3,50,88,Order3,Rest1,t3,dt3
4,3,44,Order4,Rest0,t0,dt0
5,29,74,Order5,Rest1,t1,dt1
6,75,26,Order6,Rest0,t2,dt2
7,71,43,Order7,Rest1,t3,dt3
8,24,50,Order8,Rest0,t0,dt0
9,66,51,Order9,Rest1,t1,dt1
0,90,34,Order0,Rest0,t0,dt0
1,38,99,Order1,Rest1,t1,dt1
2,87,32,Order2,Rest0,t2,dt2
3,76,55,Order3,Rest1,t3,dt3
4,51,61,Order4,Rest0,t0,dt0
5,42,93,Order5,Rest1,t1,dt1
6,78,23,Order6,Rest0,t2,dt2
7,30,11,Order7,Rest1,t3,dt3
8,5,52,Order8,Rest0,t0,dt0
9,12,29,Order9,Rest1,t1,dt1
10,28,63,Order10,Rest0,t2,dt2
11,51,39,Order11,Rest1,t3,dt3
12,25,100,Order12,Rest0,t0,dt0
13,79,1,Order13,Rest1,t1,dt1
14,42,24,Order14,Rest0,t2,dt2
15,79,36,Order15,Rest1,t3,dt3
16,98,36,Order16,Rest0,t0,dt0
17,36,34,Order17,Rest1,t1,dt1
18,72,13,Order18,Rest0,t2,dt2
19,96,2,Order19,Rest1,t3,dt3
20,13,71,Order20,Rest0,t0,dt0
21,65,90,Order21,Rest1,t1,dt1
22,94,31,Order22,Rest0,t2,dt2
23,42,100,Order23,Rest1,t3,dt3
24,25,32,Order24,Rest0,t0,dt0
25,76,93,Order25,Rest1,t1,dt1
26,90,41,Order26,Rest0,t2,dt2
27,60,77,Order27,Rest1,t3,dt3
28,10,2,Order28,Rest0,t0,dt0
29,72,8,Order29,Rest1,t1,dt1
30,86,18,Order30,Rest0,t2,dt2
31,53,66,Order31,Rest1,t3,dt3
32,50,42,Order32,Rest0,t0,dt0
33,23,40,Order33,Rest1,t1,dt1
34,79,30,Order34,Rest0,t2,dt2
35,30,85,Order35,Rest1,t3,dt3
36,19,72,Order36,Rest0,t0,dt0
37,28,25,Order37,Rest1,t1,dt1
38,85,21,Order38,Rest0,t2,dt2
39,37,90,Order39,Rest1,t3,dt3
40,68,60,Order40,Rest0,t0,dt0
41,85,52,Order41,Rest1,t1,dt1
42,17,96,Order42,Rest0,t2,dt2
43,56,69,Order43,Rest1,t3,dt3
44,94,27,Order44,Rest0,t0,dt0
45,79,24,Order45,Rest1,t1,dt1
46,95,67,Order46,Rest0,t2,dt2
47,50,26,Order47,Rest1,t3,dt3
48,34,50,Order48,Rest0,t0,dt0
49,26,10,Order49,Rest1,t1,dt1
50,100,7,Order50,Rest0,t2,dt2
51,60,83,Order51,Rest1,t3,dt3
52,33,43,Order52,Rest0,t0,dt0
53,86,32,Order53,Rest1,t1,dt1
54,16,80,Order54,Rest0,t2,dt2
55,39,5,Order55,Rest1,t3,dt3
56,10,78,Order56,Rest0,t0,dt0
57,56,64,Order57,Rest1,t1,dt1
58,95,74,Order58,Rest0,t2,dt2
59,82,26,Order59,Rest1,t3,dt3
60,39,60,Order60,Rest0,t0,dt0
61,24,58,Order61,Rest1,t1,dt1
62,5,1,Order62,Rest0,t2,dt2
63,32,56,Order63,Rest1,t3,dt3
64,83,12,Order64,Rest0,t0,dt0
65,47,25,Order65,Rest1,t1,dt1
66,89,60,Order66,Rest0,t2,dt2
67,97,52,Order67,Rest1,t3,dt3
68,66,51,Order68,Rest0,t0,dt0
69,67,8,Order69,Rest1,t1,dt1
70,55,70,Order70,Rest0,t2,dt2
71,28,79,Order71,Rest1,t3,dt3
72,48,29,Order72,Rest0,t0,dt0
73,20,59,Order73,Rest1,t1,dt1
74,52,75,Order74,Rest0,t2,dt2
75,57,74,Order75,Rest1,t3,dt3
76,17,75,Order76,Rest0,t0,dt0
77,36,72,Order77,Rest1,t1,dt1
78,52,34,Order78,Rest0,t2,dt2
79,42,86,Order79,Rest1,t3,dt3
80,35,61,Order80,Rest0,t0,dt0
81,42,64,Order81,Rest1,t1,dt1
82,40,9,Order82,Rest0,t2,dt2
83,61,10,Order83,Rest1,t3,dt3
84,35,88,Order84,Rest0,t0,dt0
85,54,37,Order85,Rest1,t1,dt1
86,52,78,Order86,Rest0,t2,dt2
87,47,44,Order87,Rest1,t3,dt3
88,45,99,Order88,Rest0,t0,dt0
89,93,59,Order89,Rest1,t1,dt1
90,89,99,Order90,Rest0,t2,dt2
91,1,75,Order91,Rest1,t3,dt3
92,21,32,Order92,Rest0,t0,dt0
93,45,80,Order93,Rest1,t1,dt1
94,44,88,Order94,Rest0,t2,dt2
95,15,37,Order95,Rest1,t3,dt3
96,7,3,Order96,Rest0,t0,dt0
97,56,13,Order97,Rest1,t1,dt1
98,98,45,Order98,Rest0,t2,dt2
99,38,100,Order99,Rest1,t3,dt3
100,71,73,Order100,Rest0,t0,dt0
101,78,62,Order101,Rest1,t1,dt1
102,58,31,Order102,Rest0,t2,dt2
103,74,18,Order103,Rest1,t3,dt3
104,36,36,Order104,Rest0,t0,dt0
105,82,71,Order105,Rest1,t1,dt1
106,66,9,Order106,Rest0,t2,dt2
107,48,35,Order107,Rest1,t3,dt3
108,17,11,Order108,Rest0,t0,dt0
109,93,59,Order109,Rest1,t1,dt1
110,92,70,Order110,Rest0,t2,dt2
111,29,62,Order111,Rest1,t3,dt3
112,63,97,Order112,Rest0,t0,dt0
113,44,76,Order113,Rest1,t1,dt1
114,32,1,Order114,Rest0,t2,dt2
115,39,24,Order115,Rest1,t3,dt3
116,74,80,Order116,Rest0,t0,dt0
117,80,91,Order117,Rest1,t1,dt1
118,99,45,Order118,Rest0,t2,dt2
119,3,27,Order119,Rest1,t3,dt3
120,9,94,Order120,Rest0,t0,dt0
121,32,77,Order121,Rest1,t1,dt1
122,71,42,Order122,Rest0,t2,dt2
123,94,54,Order123,Rest1,t3,dt3
124,23,60,Order124,Rest0,t0,dt0
125,33,98,Order125,Rest1,t1,dt1
126,17,4,Order126,Rest0,t2,dt2
127,68,60,Order127,Rest1,t3,dt3
128,40,7,Order128,Rest0,t0,dt0
129,57,31,Order129,Rest1,t1,dt1
130,63,80,Order130,Rest0,t2,dt2
131,9,30,Order131,Rest1,t3,dt3
132,12,65,Order132,Rest0,t0,dt0
133,85,83,Order133,Rest1,t1,dt1
134,54,46,Order134,Rest0,t2,dt2
135,55,70,Order135,Rest1,t3,dt3
136,22,3,Order136,Rest0,t0,dt0
137,67,39,Order137,Rest1,t1,dt1
138,54,56,Order138,Rest0,t2,dt2
139,83,30,Order139,Rest1,t3,dt3
140,78,80,Order140,Rest0,t0,dt0
141,98,5,Order141,Rest1,t1,dt1
142,20,29,Order142,Rest0,t2,dt2
143,84,58,Order143,Rest1,t3,dt3
144,61,94,Order144,Rest0,t0,dt0
145,73,40,Order145,Rest1,t1,dt1
146,72,90,Order146,Rest0,t2,dt2
147,3,94,Order147,Rest1,t3,dt3
148,15,91,Order148,Rest0,t0,dt0
149,32,23,Order149,Rest1,t1,dt1
150,8,3,Order150,Rest0,t2,dt2
151,49,92,Order151,Rest1,t3,dt3
152,99,15,Order152,Rest0,t0,dt0
153,5,11,Order153,Rest1,t1,dt1
154,63,19,Order154,Rest0,t2,dt2
155,49,3,Order155,Rest1,t3,dt3
156,16,56,Order156,Rest0,t0,dt0
157,33,20,Order157,Rest1,t1,dt1
158,64,1,Order158,Rest0,t2,dt2
159,99,25,Order159,Rest1,t3,dt3
160,68,92,Order160,Rest0,t0,dt0
161,22,63,Order161,Rest1,t1,dt1
162,81,32,Order162,Rest0,t2,dt2
163,12,33,Order163,Rest1,t3,dt3
164,2,92,Order164,Rest0,t0,dt0
165,31,1,Order165,Rest1,t1,dt1
166,50,61,Order166,Rest0,t2,dt2
167,52,55,Order167,Rest1,t3,dt3
168,46,38,Order168,Rest0,t0,dt0
169,34,51,Order169,Rest1,t1,dt1
170,47,38,Order170,Rest0,t2,dt2
171,93,97,Order171,Rest1,t3,dt3
172,81,62,Order172,Rest0,t0,dt0
173,53,32,Order173,Rest1,t1,dt1
174,17,50,Order174,Rest0,t2,dt2
175,100,23,Order175,Rest1,t3,dt3
176,5,48,Order176,Rest0,t0,dt0
177,37,76,Order177,Rest1,t1,dt1
178,32,9,Order178,Rest0,t2,dt2
179,93,73,Order179,Rest1,t3,dt3
180,43,53,Order180,Rest0,t0,dt0
181,54,47,Order181,Rest1,t1,dt1
182,55,31,Order182,Rest0,t2,dt2
183,4,5,Order183,Rest1,t3,dt3
184,37,84,Order184,Rest0,t0,dt0
185,86,70,Order185,Rest1,t1,dt1
186,99,36,Order186,Rest0,t2,dt2
187,57,21,Order187,Rest1,t3,dt3
188,71,4,Order188,Rest0,t0,dt0
189,23,28,Order189,Rest1,t1,dt1
190,7,71,Order190,Rest0,t2,dt2
191,73,10,Order191,Rest1,t3,dt3
192,10,52,Order192,Rest0,t0,dt0
193,22,35,Order193,Rest1,t1,dt1
194,23,57,Order194,Rest0,t2,dt2
195,80,97,Order195,Rest1,t3,dt3
196,52,23,Order196,Rest0,t0,dt0
197,49,13,Order197,Rest1,t1,dt1
198,7,20,Order198,Rest0,t2,dt2
199,46,58,Order199,Rest1,t3,dt3
200,31,93,Order200,Rest0,t0,dt0
201,99,45,Order201,Rest1,t1,dt1
202,50,52,Order202,Rest0,t2,dt2
203,45,30,Order203,Rest1,t3,dt3
204,32,52,Order204,Rest0,t0,dt0
205,29,11,Order205,Rest1,t1,dt1
206,7,69,Order206,Rest0,t2,dt2
207,65,3,Order207,Rest1,t3,dt3
208,13,27,Order208,Rest0,t0,dt0
209,25,94,Order209,Rest1,t1,dt1
210,21,50,Order210,Rest0,t2,dt2
211,74,4,Order211,Rest1,t3,dt3
212,39,69,Order212,Rest0,t0,dt0
213,37,65,Order213,Rest1,t1,dt1
214,84,72,Order214,Rest0,t2,dt2
215,4,64,Order215,Rest1,t3,dt3
216,49,49,Order216,Rest0,t0,dt0
217,66,80,Order217,Rest1,t1,dt1
218,41,98,Order218,Rest0,t2,dt2
219,94,94,Order219,Rest1,t3,dt3
220,40,15,Order220,Rest0,t0,dt0
221,68,1,Order221,Rest1,t1,dt1
222,92,92,Order222,Rest0,t2,dt2
223,80,33,Order223,Rest1,t3,dt3
224,21,94,Order224,Rest0,t0,dt0
225,64,62,Order225,Rest1,t1,dt1
226,39,52,Order226,Rest0,t2,dt2
227,56,70,Order227,Rest1,t3,dt3
228,49,30,Order228,Rest0,t0,dt0
229,80,95,Order229,Rest1,t1,dt1
230,21,71,Order230,Rest0,t2,dt2
231,25,13,Order231,Rest1,t3,dt3
232,85,11,Order232,Rest0,t0,dt0
233,34,75,Order233,Rest1,t1,dt1
234,30,7,Order234,Rest0,t2,dt2
235,59,65,Order235,Rest1,t3,dt3
236,41,5,Order236,Rest0,t0,dt0
237,13,62,Order237,Rest1,t1,dt1
238,52,72,Order238,Rest0,t2,dt2
239,13,25,Order239,Rest1,t3,dt3
240,46,80,Order240,Rest0,t0,dt0
241,41,59,Order241,Rest1,t1,dt1
242,42,90,Order242,Rest0,t2,dt2
243,17,31,Order243,Rest1,t3,dt3
244,15,12,Order244,Rest0,t0,dt0
245,22,88,Order245,Rest1,t1,dt1
246,55,63,Order246,Rest0,t2,dt2
247,81,1,Order247,Rest1,t3,dt3
248,84,20,Order248,Rest0,t0,dt0
249,17,58,Order249,Rest1,t1,dt1
250,30,49,Order250,Rest0,t2,dt2
251,92,70,Order251,Rest1,t3,dt3
252,70,60,Order252,Rest0,t0,dt0
253,26,60,Order253,Rest1,t1,dt1
254,53,40,Order254,Rest0,t2,dt2
255,15,74,Order255,Rest1,t3,dt3
256,67,39,Order256,Rest0,t0,dt0
257,74,37,Order257,Rest1,t1,dt1
258,20,51,Order258,Rest0,t2,dt2
259,74,25,Order259,Rest1,t3,dt3
260,51,27,Order260,Rest0,t0,dt0
261,75,13,Order261,Rest1,t1,dt1
262,26,94,Order262,Rest0,t2,dt2
263,60,32,Order263,Rest1,t3,dt3
264,77,74,Order264,Rest0,t0,dt0
265,71,87,Order265,Rest1,t1,dt1
266,39,93,Order266,Rest0,t2,dt2
267,27,87,Order267,Rest1,t3,dt3
268,29,91,Order268,Rest0,t0,dt0
269,2,72,Order269,Rest1,t1,dt1
270,57,93,Order270,Rest0,t2,dt2
271,93,43,Order271,Rest1,t3,dt3
272,1,82,Order272,Rest0,t0,dt0
273,44,31,Order273,Rest1,t1,dt1
274,83,5,Order274,Rest0,t2,dt2
275,59,9,Order275,Rest1,t3,dt3
276,32,2,Order276,Rest0,t0,dt0
277,24,98,Order277,Rest1,t1,dt1
278,1,26,Order278,Rest0,t2,dt2
279,24,100,Order279,Rest1,t3,dt3
280,13,77,Order280,Rest0,t0,dt0
281,47,40,Order281,Rest1,t1,dt1
282,80,33,Order282,Rest0,t2,dt2
283,65,89,Order283,Rest1,t3,dt3
284,81,64,Order284,Rest0,t0,dt0
285,56,20,Order285,Rest1,t1,dt1
286,36,45,Order286,Rest0,t2,dt2
287,99,25,Order287,Rest1,t3,dt3
288,47,19,Order288,Rest0,t0,dt0
289,37,78,Order289,Rest1,t1,dt1
290,95,100,Order290,Rest0,t2,dt2
291,67,63,Order291,Rest1,t3,dt3
292,51,94,Order292,Rest0,t0,dt0
293,15,63,Order293,Rest1,t1,dt1
294,99,69,Order294,Rest0,t2,dt2
295,79,32,Order295,Rest1,t3,dt3
296,51,7,Order296,Rest0,t0,dt0
297,81,90,Order297,Rest1,t1,dt1
298,95,77,Order298,Rest0,t2,dt2
299,2,22,Order299,Rest1,t3,dt3
300,40,87,Order300,Rest0,t0,dt0
301,52,81,Order301,Rest1,t1,dt1
302,14,95,Order302,Rest0,t2,dt2
303,62,28,Order303,Rest1,t3,dt3
304,31,58,Order304,Rest0,t0,dt0
305,20,90,Order305,Rest1,t1,dt1
306,45,14,Order306,Rest0,t2,dt2
307,30,99,Order307,Rest1,t3,dt3
308,52,41,Order308,Rest0,t0,dt0
309,53,84,Order309,Rest1,t1,dt1
310,66,28,Order310,Rest0,t2,dt2
311,66,76,Order311,Rest1,t3,dt3
312,65,12,Order312,Rest0,t0,dt0
313,23,56,Order313,Rest1,t1,dt1
314,47,78,Order314,Rest0,t2,dt2
315,95,45,Order315,Rest1,t3,dt3
316,90,98,Order316,Rest0,t0,dt0
317,73,39,Order317,Rest1,t1,dt1
318,1,23,Order318,Rest0,t2,dt2
319,29,60,Order319,Rest1,t3,dt3
320,39,27,Order320,Rest0,t0,dt0
321,4,93,Order321,Rest1,t1,dt1
322,93,22,Order322,Rest0,t2,dt2
323,21,82,Order323,Rest1,t3,dt3
324,63,13,Order324,Rest0,t0,dt0
325,29,94,Order325,Rest1,t1,dt1
326,100,3,Order326,Rest0,t2,dt2
327,52,63,Order327,Rest1,t3,dt3
328,48,40,Order328,Rest0,t0,dt0
329,17,76,Order329,Rest1,t1,dt1
330,4,97,Order330,Rest0,t2,dt2
331,67,63,Order331,Rest1,t3,dt3
332,56,21,Order332,Rest0,t0,dt0
333,19,28,Order333,Rest1,t1,dt1
334,51,6,Order334,Rest0,t2,dt2
335,75,30,Order335,Rest1,t3,dt3
336,19,44,Order336,Rest0,t0,dt0
337,5,65,Order337,Rest1,t1,dt1
338,45,79,Order338,Rest0,t2,dt2
339,83,55,Order339,Rest1,t3,dt3
340,52,72,Order340,Rest0,t0,dt0
341,6,53,Order341,Rest1,t1,dt1
342,52,38,Order342,Rest0,t2,dt2
343,98,97,Order343,Rest1,t3,dt3
344,70,47,Order344,Rest0,t0,dt0
345,21,47,Order345,Rest1,t1,dt1
346,56,17,Order346,Rest0,t2,dt2
347,75,83,Order347,Rest1,t3,dt3
348,49,46,Order348,Rest0,t0,dt0
349,31,42,Order349,Rest1,t1,dt1
350,79,5,Order350,Rest0,t2,dt2
351,59,48,Order351,Rest1,t3,dt3
352,3,64,Order352,Rest0,t0,dt0
353,10,40,Order353,Rest1,t1,dt1
354,25,71,Order354,Rest0,t2,dt2
355,77,49,Order355,Rest1,t3,dt3
356,80,15,Order356,Rest0,t0,dt0
357,15,77,Order357,Rest1,t1,dt1
358,83,19,Order358,Rest0,t2,dt2
359,56,13,Order359,Rest1,t3,dt3
360,75,1,Order360,Rest0,t0,dt0
361,8,74,Order361,Rest1,t1,dt1
362,99,86,Order362,Rest0,t2,dt2
363,82,55,Order363,Rest1,t3,dt3
364,60,72,Order364,Rest0,t0,dt0
365,10,82,Order365,Rest1,t1,dt1
366,25,53,Order366,Rest0,t2,dt2
367,63,9,Order367,Rest1,t3,dt3
368,84,14,Order368,Rest0,t0,dt0
369,86,10,Order369,Rest1,t1,dt1
370,98,31,Order370,Rest0,t2,dt2
371,17,26,Order371,Rest1,t3,dt3
372,77,74,Order372,Rest0,t0,dt0
373,25,81,Order373,Rest1,t1,dt1
374,13,3,Order374,Rest0,t2,dt2
375,65,66,Order375,Rest1,t3,dt3
376,94,36,Order376,Rest0,t0,dt0
377,2,30,Order377,Rest1,t1,dt1
378,2,55,Order378,Rest0,t2,dt2
379,26,42,Order379,Rest1,t3,dt3
380,44,81,Order380,Rest0,t0,dt0
381,94,91,Order381,Rest1,t1,dt1
382,32,70,Order382,Rest0,t2,dt2
383,50,58,Order383,Rest1,t3,dt3
384,62,75,Order384,Rest0,t0,dt0
385,65,50,Order385,Rest1,t1,dt1
386,9,89,Order386,Rest0,t2,dt2
387,1,86,Order387,Rest1,t3,dt3
388,69,49,Order388,Rest0,t0,dt0
389,59,33,Order389,Rest1,t1,dt1
390,63,36,Order390,Rest0,t2,dt2
391,3,72,Order391,Rest1,t3,dt3
392,93,96,Order392,Rest0,t0,dt0
393,81,86,Order393,Rest1,t1,dt1
394,78,1,Order394,Rest0,t2,dt2
395,94,10,Order395,Rest1,t3,dt3
396,5,72,Order396,Rest0,t0,dt0
397,65,7,Order397,Rest1,t1,dt1
398,20,91,Order398,Rest0,t2,dt2
399,95,16,Order399,Rest1,t3,dt3
400,54,86,Order400,Rest0,t0,dt0
401,56,56,Order401,Rest1,t1,dt1
402,4,6,Order402,Rest0,t2,dt2
403,12,54,Order403,Rest1,t3,dt3
404,69,21,Order404,Rest0,t0,dt0
405,50,1,Order405,Rest1,t1,dt1
406,50,45,Order406,Rest0,t2,dt2
407,71,39,Order407,Rest1,t3,dt3
408,27,24,Order408,Rest0,t0,dt0
409,82,18,Order409,Rest1,t1,dt1
410,21,8,Order410,Rest0,t2,dt2
411,80,87,Order411,Rest1,t3,dt3
412,70,28,Order412,Rest0,t0,dt0
413,88,27,Order413,Rest1,t1,dt1
414,37,11,Order414,Rest0,t2,dt2
415,23,51,Order415,Rest1,t3,dt3
416,21,2,Order416,Rest0,t0,dt0
417,34,55,Order417,Rest1,t1,dt1
418,59,57,Order418,Rest0,t2,dt2
419,52,51,Order419,Rest1,t3,dt3
420,8,54,Order420,Rest0,t0,dt0
421,96,39,Order421,Rest1,t1,dt1
422,53,48,Order422,Rest0,t2,dt2
423,27,97,Order423,Rest1,t3,dt3
424,44,62,Order424,Rest0,t0,dt0
425,83,10,Order425,Rest1,t1,dt1
426,58,55,Order426,Rest0,t2,dt2
427,96,49,Order427,Rest1,t3,dt3
428,50,91,Order428,Rest0,t0,dt0
429,52,61,Order429,Rest1,t1,dt1
430,51,30,Order430,Rest0,t2,dt2
431,16,66,Order431,Rest1,t3,dt3
432,37,29,Order432,Rest0,t0,dt0
433,3,12,Order433,Rest1,t1,dt1
434,18,56,Order434,Rest0,t2,dt2
435,26,22,Order435,Rest1,t3,dt3
436,94,53,Order436,Rest0,t0,dt0
437,64,61,Order437,Rest1,t1,dt1
438,68,84,Order438,Rest0,t2,dt2
439,96,37,Order439,Rest1,t3,dt3
440,85,28,Order440,Rest0,t0,dt0
441,35,38,Order441,Rest1,t1,dt1
442,20,40,Order442,Rest0,t2,dt2
443,61,18,Order443,Rest1,t3,dt3
444,70,33,Order444,Rest0,t0,dt0
445,24,46,Order445,Rest1,t1,dt1
446,42,66,Order446,Rest0,t2,dt2
447,26,100,Order447,Rest1,t3,dt3
448,37,48,Order448,Rest0,t0,dt0
449,1,87,Order449,Rest1,t1,dt1
450,10,19,Order450,Rest0,t2,dt2
451,33,5,Order451,Rest1,t3,dt3
452,18,62,Order452,Rest0,t0,dt0
453,27,91,Order453,Rest1,t1,dt1
454,66,69,Order454,Rest0,t2,dt2
455,56,48,Order455,Rest1,t3,dt3
456,21,21,Order456,Rest0,t0,dt0
457,12,6,Order457,Rest1,t1,dt1
458,79,35,Order458,Rest0,t2,dt2
459,47,33,Order459,Rest1,t3,dt3
460,28,37,Order460,Rest0,t0,dt0
461,47,22,Order461,Rest1,t1,dt1
462,75,72,Order462,Rest0,t2,dt2
463,15,97,Order463,Rest1,t3,dt3
464,26,37,Order464,Rest0,t0,dt0
465,83,7,Order465,Rest1,t1,dt1
466,68,20,Order466,Rest0,t2,dt2
467,59,8,Order467,Rest1,t3,dt3
468,73,51,Order468,Rest0,t0,dt0
469,36,88,Order469,Rest1,t1,dt1
470,55,35,Order470,Rest0,t2,dt2
471,92,59,Order471,Rest1,t3,dt3
472,78,84,Order472,Rest0,t0,dt0
473,34,5,Order473,Rest1,t1,dt1
474,49,42,Order474,Rest0,t2,dt2
475,82,99,Order475,Rest1,t3,dt3
476,42,14,Order476,Rest0,t0,dt0
477,70,92,Order477,Rest1,t1,dt1
478,36,47,Order478,Rest0,t2,dt2
479,84,85,Order479,Rest1,t3,dt3
480,84,14,Order480,Rest0,t0,dt0
481,33,12,Order481,Rest1,t1,dt1
482,21,20,Order482,Rest0,t2,dt2
483,50,62,Order483,Rest1,t3,dt3
484,4,32,Order484,Rest0,t0,dt0
485,77,52,Order485,Rest1,t1,dt1
486,67,79,Order486,Rest0,t2,dt2
487,76,20,Order487,Rest1,t3,dt3
488,52,40,Order488,Rest0,t0,dt0
489,97,36,Order489,Rest1,t1,dt1
490,95,47,Order490,Rest0,t2,dt2
491,78,30,Order491,Rest1,t3,dt3
492,55,34,Order492,Rest0,t0,dt0
493,70,65,Order493,Rest1,t1,dt1
494,79,8,Order494,Rest0,t2,dt2
495,54,36,Order495,Rest1,t3,dt3
496,72,76,Order496,Rest0,t0,dt0
497,52,48,Order497,Rest1,t1,dt1
498,49,73,Order498,Rest0,t2,dt2
499,100,7,Order499,Rest1,t3,dt3
500,65,10,Order500,Rest0,t0,dt0
501,72,13,Order501,Rest1,t1,dt1
502,84,28,Order502,Rest0,t2,dt2
503,15,89,Order503,Rest1,t3,dt3
504,32,86,Order504,Rest0,t0,dt0
505,82,44,Order505,Rest1,t1,dt1
506,2,55,Order506,Rest0,t2,dt2
507,53,62,Order507,Rest1,t3,dt3
508,96,33,Order508,Rest0,t0,dt0
509,90,42,Order509,Rest1,t1,dt1
510,9,34,Order510,Rest0,t2,dt2
511,69,95,Order511,Rest1,t3,dt3
512,72,79,Order512,Rest0,t0,dt0
513,43,98,Order513,Rest1,t1,dt1
514,84,59,Order514,Rest0,t2,dt2
515,25,60,Order515,Rest1,t3,dt3
516,54,33,Order516,Rest0,t0,dt0
517,55,47,Order517,Rest1,t1,dt1
518,20,53,Order518,Rest0,t2,dt2
519,78,65,Order519,Rest1,t3,dt3
520,86,3,Order520,Rest0,t0,dt0
521,59,62,Order521,Rest1,t1,dt1
522,72,47,Order522,Rest0,t2,dt2
523,32,44,Order523,Rest1,t3,dt3
524,78,24,Order524,Rest0,t0,dt0
525,42,37,Order525,Rest1,t1,dt1
526,2,37,Order526,Rest0,t2,dt2
527,42,88,Order527,Rest1,t3,dt3
528,20,36,Order528,Rest0,t0,dt0
529,11,30,Order529,Rest1,t1,dt1
530,70,30,Order530,Rest0,t2,dt2
531,90,16,Order531,Rest1,t3,dt3
532,3,88,Order532,Rest0,t0,dt0
533,6,63,Order533,Rest1,t1,dt1
534,45,27,Order534,Rest0,t2,dt2
535,27,25,Order535,Rest1,t3,dt3
536,40,34,Order536,Rest0,t0,dt0
537,56,87,Order537,Rest1,t1,dt1
538,10,78,Order538,Rest0,t2,dt2
539,46,90,Order539,Rest1,t3,dt3
540,62,16,Order540,Rest0,t0,dt0
541,41,55,Order541,Rest1,t1,dt1
542,33,88,Order542,Rest0,t2,dt2
543,6,40,Order543,Rest1,t3,dt3
544,91,30,Order544,Rest0,t0,dt0
545,50,20,Order545,Rest1,t1,dt1
546,64,54,Order546,Rest0,t2,dt2
547,45,64,Order547,Rest1,t3,dt3
548,45,94,Order548,Rest0,t0,dt0
549,66,87,Order549,Rest1,t1,dt1
550,54,25,Order550,Rest0,t2,dt2
551,33,60,Order551,Rest1,t3,dt3
552,60,70,Order552,Rest0,t0,dt0
553,46,51,Order553,Rest1,t1,dt1
554,87,93,Order554,Rest0,t2,dt2
555,29,88,Order555,Rest1,t3,dt3
556,2,13,Order556,Rest0,t0,dt0
557,60,68,Order557,Rest1,t1,dt1
558,57,53,Order558,Rest0,t2,dt2
559,52,42,Order559,Rest1,t3,dt3
560,55,3,Order560,Rest0,t0,dt0
561,40,10,Order561,Rest1,t1,dt1
562,42,24,Order562,Rest0,t2,dt2
563,23,20,Order563,Rest1,t3,dt3
564,5,70,Order564,Rest0,t0,dt0
565,78,97,Order565,Rest1,t1,dt1
566,31,4,Order566,Rest0,t2,dt2
567,94,40,Order567,Rest1,t3,dt3
568,67,39,Order568,Rest0,t0,dt0
569,48,54,Order569,Rest1,t1,dt1
570,29,81,Order570,Rest0,t2,dt2
571,38,36,Order571,Rest1,t3,dt3
572,10,51,Order572,Rest0,t0,dt0
573,10,15,Order573,Rest1,t1,dt1
574,30,83,Order574,Rest0,t2,dt2
575,24,96,Order575,Rest1,t3,dt3
576,75,36,Order576,Rest0,t0,dt0
577,63,79,Order577,Rest1,t1,dt1
578,90,15,Order578,Rest0,t2,dt2
579,52,57,Order579,Rest1,t3,dt3
580,37,64,Order580,Rest0,t0,dt0
581,16,20,Order581,Rest1,t1,dt1
582,17,24,Order582,Rest0,t2,dt2
583,38,85,Order583,Rest1,t3,dt3
584,35,46,Order584,Rest0,t0,dt0
585,87,2,Order585,Rest1,t1,dt1
586,87,50,Order586,Rest0,t2,dt2
587,33,51,Order587,Rest1,t3,dt3
588,3,91,Order588,Rest0,t0,dt0
589,15,15,Order589,Rest1,t1,dt1
590,96,52,Order590,Rest0,t2,dt2
591,60,67,Order591,Rest1,t3,dt3
592,53,45,Order592,Rest0,t0,dt0
593,20,18,Order593,Rest1,t1,dt1
594,62,45,Order594,Rest0,t2,dt2
595,10,17,Order595,Rest1,t3,dt3
596,19,7,Order596,Rest0,t0,dt0
597,78,77,Order597,Rest1,t1,dt1
598,57,23,Order598,Rest0,t2,dt2
599,64,57,Order599,Rest1,t3,dt3
600,1,56,Order600,Rest0,t0,dt0
601,26,23,Order601,Rest1,t1,dt1
602,30,74,Order602,Rest0,t2,dt2
603,74,12,Order603,Rest1,t3,dt3
604,91,49,Order604,Rest0,t0,dt0
605,47,29,Order605,Rest1,t1,dt1
606,6,57,Order606,Rest0,t2,dt2
607,62,73,Order607,Rest1,t3,dt3
608,94,30,Order608,Rest0,t0,dt0
609,62,59,Order609,Rest1,t1,dt1
610,54,88,Order610,Rest0,t2,dt2
611,19,9,Order611,Rest1,t3,dt3
612,6,96,Order612,Rest0,t0,dt0
613,58,43,Order613,Rest1,t1,dt1
614,95,38,Order614,Rest0,t2,dt2
615,72,92,Order615,Rest1,t3,dt3
616,17,29,Order616,Rest0,t0,dt0
617,68,45,Order617,Rest1,t1,dt1
618,93,83,Order618,Rest0,t2,dt2
619,17,71,Order619,Rest1,t3,dt3
620,1,90,Order620,Rest0,t0,dt0
621,72,16,Order621,Rest1,t1,dt1
622,43,24,Order622,Rest0,t2,dt2
623,33,95,Order623,Rest1,t3,dt3
624,52,97,Order624,Rest0,t0,dt0
625,20,56,Order625,Rest1,t1,dt1
626,70,51,Order626,Rest0,t2,dt2
627,52,34,Order627,Rest1,t3,dt3
628,40,78,Order628,Rest0,t0,dt0
629,78,50,Order629,Rest1,t1,dt1
630,39,72,Order630,Rest0,t2,dt2
631,64,84,Order631,Rest1,t3,dt3
632,41,93,Order632,Rest0,t0,dt0
633,100,7,Order633,Rest1,t1,dt1
634,60,72,Order634,Rest0,t2,dt2
635,95,24,Order635,Rest1,t3,dt3
636,70,66,Order636,Rest0,t0,dt0
637,21,29,Order637,Rest1,t1,dt1
638,98,95,Order638,Rest0,t2,dt2
639,65,79,Order639,Rest1,t3,dt3
640,86,71,Order640,Rest0,t0,dt0
641,15,26,Order641,Rest1,t1,dt1
642,32,98,Order642,Rest0,t2,dt2
643,83,25,Order643,Rest1,t3,dt3
644,91,25,Order644,Rest0,t0,dt0
645,88,37,Order645,Rest1,t1,dt1
646,33,3,Order646,Rest0,t2,dt2
647,26,93,Order647,Rest1,t3,dt3
648,89,51,Order648,Rest0,t0,dt0
649,50,81,Order649,Rest1,t1,dt1
650,70,20,Order650,Rest0,t2,dt2
651,40,53,Order651,Rest1,t3,dt3
652,74,67,Order652,Rest0,t0,dt0
653,41,31,Order653,Rest1,t1,dt1
654,38,75,Order654,Rest0,t2,dt2
655,73,44,Order655,Rest1,t3,dt3
656,55,77,Order656,Rest0,t0,dt0
657,34,93,Order657,Rest1,t1,dt1
658,62,24,Order658,Rest0,t2,dt2
659,36,75,Order659,Rest1,t3,dt3
660,13,55,Order660,Rest0,t0,dt0
661,23,71,Order661,Rest1,t1,dt1
662,100,77,Order662,Rest0,t2,dt2
663,90,60,Order663,Rest1,t3,dt3
664,20,96,Order664,Rest0,t0,dt0
665,75,51,Order665,Rest1,t1,dt1
666,63,91,Order666,Rest0,t2,dt2
667,9,71,Order667,Rest1,t3,dt3
668,72,53,Order668,Rest0,t0,dt0
669,13,51,Order669,Rest1,t1,dt1
670,95,4,Order670,Rest0,t2,dt2
671,67,89,Order671,Rest1,t3,dt3
672,72,40,Order672,Rest0,t0,dt0
673,91,96,Order673,Rest1,t1,dt1
674,3,53,Order674,Rest0,t2,dt2
675,64,70,Order675,Rest1,t3,dt3
676,63,96,Order676,Rest0,t0,dt0
677,59,16,Order677,Rest1,t1,dt1
678,8,89,Order678,Rest0,t2,dt2
679,96,81,Order679,Rest1,t3,dt3
680,90,31,Order680,Rest0,t0,dt0
681,90,43,Order681,Rest1,t1,dt1
682,78,56,Order682,Rest0,t2,dt2
683,50,100,Order683,Rest1,t3,dt3
684,62,91,Order684,Rest0,t0,dt0
685,45,29,Order685,Rest1,t1,dt1
686,45,67,Order686,Rest0,t2,dt2
687,53,70,Order687,Rest1,t3,dt3
688,12,41,Order688,Rest0,t0,dt0
689,69,3,Order689,Rest1,t1,dt1
690,77,59,Order690,Rest0,t2,dt2
691,44,52,Order691,Rest1,t3,dt3
692,46,58,Order692,Rest0,t0,dt0
693,93,9,Order693,Rest1,t1,dt1
694,37,55,Order694,Rest0,t2,dt2
695,1,100,Order695,Rest1,t3,dt3
696,6,70,Order696,Rest0,t0,dt0
697,21,71,Order697,Rest1,t1,dt1
698,8,67,Order698,Rest0,t2,dt2
699,5,7,Order699,Rest1,t3,dt3
700,58,36,Order700,Rest0,t0,dt0
701,100,83,Order701,Rest1,t1,dt1
702,12,24,Order702,Rest0,t2,dt2
703,63,15,Order703,Rest1,t3,dt3
704,11,57,Order704,Rest0,t0,dt0
705,18,15,Order705,Rest1,t1,dt1
706,60,93,Order706,Rest0,t2,dt2
707,23,91,Order707,Rest1,t3,dt3
708,18,63,Order708,Rest0,t0,dt0
709,37,67,Order709,Rest1,t1,dt1
710,66,59,Order710,Rest0,t2,dt2
711,47,54,Order711,Rest1,t3,dt3
712,59,51,Order712,Rest0,t0,dt0
713,20,83,Order713,Rest1,t1,dt1
714,57,29,Order714,Rest0,t2,dt2
715,71,93,Order715,Rest1,t3,dt3
716,68,1,Order716,Rest0,t0,dt0
717,57,57,Order717,Rest1,t1,dt1
718,68,35,Order718,Rest0,t2,dt2
719,91,73,Order719,Rest1,t3,dt3
720,68,30,Order720,Rest0,t0,dt0
721,83,53,Order721,Rest1,t1,dt1
722,8,42,Order722,Rest0,t2,dt2
723,83,5,Order723,Rest1,t3,dt3
724,25,89,Order724,Rest0,t0,dt0
725,62,60,Order725,Rest1,t1,dt1
726,84,77,Order726,Rest0,t2,dt2
727,12,59,Order727,Rest1,t3,dt3
728,52,65,Order728,Rest0,t0,dt0
729,56,69,Order729,Rest1,t1,dt1
730,44,79,Order730,Rest0,t2,dt2
731,53,83,Order731,Rest1,t3,dt3
732,82,63,Order732,Rest0,t0,dt0
733,5,53,Order733,Rest1,t1,dt1
734,5,74,Order734,Rest0,t2,dt2
735,86,12,Order735,Rest1,t3,dt3
736,75,26,Order736,Rest0,t0,dt0
737,89,97,Order737,Rest1,t1,dt1
738,44,50,Order738,Rest0,t2,dt2
739,33,25,Order739,Rest1,t3,dt3
740,41,73,Order740,Rest0,t0,dt0
741,37,23,Order741,Rest1,t1,dt1
742,45,25,Order742,Rest0,t2,dt2
743,2,57,Order743,Rest1,t3,dt3
744,11,88,Order744,Rest0,t0,dt0
745,18,50,Order745,Rest1,t1,dt1
746,50,69,Order746,Rest0,t2,dt2
747,97,43,Order747,Rest1,t3,dt3
748,95,72,Order748,Rest0,t0,dt0
749,73,13,Order749,Rest1,t1,dt1
750,94,56,Order750,Rest0,t2,dt2
751,63,24,Order751,Rest1,t3,dt3
752,20,99,Order752,Rest0,t0,dt0
753,61,72,Order753,Rest1,t1,dt1
754,38,72,Order754,Rest0,t2,dt2
755,79,26,Order755,Rest1,t3,dt3
756,11,64,Order756,Rest0,t0,dt0
757,11,8,Order757,Rest1,t1,dt1
758,44,84,Order758,Rest0,t2,dt2
759,41,28,Order759,Rest1,t3,dt3
760,90,21,Order760,Rest0,t0,dt0
761,31,71,Order761,Rest1,t1,dt1
762,29,41,Order762,Rest0,t2,dt2
763,10,85,Order763,Rest1,t3,dt3
764,99,29,Order764,Rest0,t0,dt0
765,9,88,Order765,Rest1,t1,dt1
766,40,61,Order766,Rest0,t2,dt2
767,79,54,Order767,Rest1,t3,dt3
768,38,9,Order768,Rest0,t0,dt0
769,70,24,Order769,Rest1,t1,dt1
770,42,13,Order770,Rest0,t2,dt2
771,93,31,Order771,Rest1,t3,dt3
772,76,52,Order772,Rest0,t0,dt0
773,23,7,Order773,Rest1,t1,dt1
774,79,25,Order774,Rest0,t2,dt2
775,87,63,Order775,Rest1,t3,dt3
776,82,33,Order776,Rest0,t0,dt0
777,85,2,Order777,Rest1,t1,dt1
778,56,18,Order778,Rest0,t2,dt2
779,23,72,Order779,Rest1,t3,dt3
780,76,89,Order780,Rest0,t0,dt0
781,99,68,Order781,Rest1,t1,dt1
782,18,3,Order782,Rest0,t2,dt2
783,19,37,Order783,Rest1,t3,dt3
784,26,51,Order784,Rest0,t0,dt0
785,30,62,Order785,Rest1,t1,dt1
786,5,19,Order786,Rest0,t2,dt2
787,75,84,Order787,Rest1,t3,dt3
788,87,47,Order788,Rest0,t0,dt0
789,32,5,Order789,Rest1,t1,dt1
790,43,59,Order790,Rest0,t2,dt2
791,79,80,Order791,Rest1,t3,dt3
792,21,87,Order792,Rest0,t0,dt0
793,75,58,Order793,Rest1,t1,dt1
794,27,33,Order794,Rest0,t2,dt2
795,6,43,Order795,Rest1,t3,dt3
796,35,27,Order796,Rest0,t0,dt0
797,75,13,Order797,Rest1,t1,dt1
798,56,28,Order798,Rest0,t2,dt2
799,62,12,Order799,Rest1,t3,dt3
800,77,33,Order800,Rest0,t0,dt0
801,98,78,Order801,Rest1,t1,dt1
802,82,85,Order802,Rest0,t2,dt2
803,92,41,Order803,Rest1,t3,dt3
804,15,13,Order804,Rest0,t0,dt0
805,67,89,Order805,Rest1,t1,dt1
806,22,79,Order806,Rest0,t2,dt2
807,75,27,Order807,Rest1,t3,dt3
808,48,64,Order808,Rest0,t0,dt0
809,14,8,Order809,Rest1,t1,dt1
810,49,72,Order810,Rest0,t2,dt2
811,36,50,Order811,Rest1,t3,dt3
812,76,74,Order812,Rest0,t0,dt0
813,81,49,Order813,Rest1,t1,dt1
814,22,70,Order814,Rest0,t2,dt2
815,92,27,Order815,Rest1,t3,dt3
816,19,34,Order816,Rest0,t0,dt0
817,47,39,Order817,Rest1,t1,dt1
818,84,39,Order818,Rest0,t2,dt2
819,65,53,Order819,Rest1,t3,dt3
820,3,13,Order820,Rest0,t0,dt0
821,38,66,Order821,Rest1,t1,dt1
822,12,99,Order822,Rest0,t2,dt2
823,55,60,Order823,Rest1,t3,dt3
824,81,88,Order824,Rest0,t0,dt0
825,82,28,Order825,Rest1,t1,dt1
826,72,41,Order826,Rest0,t2,dt2
827,83,34,Order827,Rest1,t3,dt3
828,23,55,Order828,Rest0,t0,dt0
829,75,28,Order829,Rest1,t1,dt1
830,17,24,Order830,Rest0,t2,dt2
831,2,90,Order831,Rest1,t3,dt3
832,1,77,Order832,Rest0,t0,dt0
833,3,18,Order833,Rest1,t1,dt1
834,84,38,Order834,Rest0,t2,dt2
835,5,12,Order835,Rest1,t3,dt3
836,8,43,Order836,Rest0,t0,dt0
837,5,4,Order837,Rest1,t1,dt1
838,46,67,Order838,Rest0,t2,dt2
839,72,7,Order839,Rest1,t3,dt3
840,40,91,Order840,Rest0,t0,dt0
841,15,38,Order841,Rest1,t1,dt1
842,3,89,Order842,Rest0,t2,dt2
843,80,68,Order843,Rest1,t3,dt3
844,2,83,Order844,Rest0,t0,dt0
845,9,87,Order845,Rest1,t1,dt1
846,14,10,Order846,Rest0,t2,dt2
847,35,12,Order847,Rest1,t3,dt3
848,29,70,Order848,Rest0,t0,dt0
849,76,74,Order849,Rest1,t1,dt1
850,73,30,Order850,Rest0,t2,dt2
851,95,5,Order851,Rest1,t3,dt3
852,6,75,Order852,Rest0,t0,dt0
853,94,73,Order853,Rest1,t1,dt1
854,16,35,Order854,Rest0,t2,dt2
855,91,73,Order855,Rest1,t3,dt3
856,51,32,Order856,Rest0,t0,dt0
857,96,78,Order857,Rest1,t1,dt1
858,11,76,Order858,Rest0,t2,dt2
859,12,72,Order859,Rest1,t3,dt3
860,12,82,Order860,Rest0,t0,dt0
861,15,64,Order861,Rest1,t1,dt1
862,2,51,Order862,Rest0,t2,dt2
863,43,54,Order863,Rest1,t3,dt3
864,74,11,Order864,Rest0,t0,dt0
865,10,35,Order865,Rest1,t1,dt1
866,43,81,Order866,Rest0,t2,dt2
867,14,59,Order867,Rest1,t3,dt3
868,13,80,Order868,Rest0,t0,dt0
869,44,95,Order869,Rest1,t1,dt1
870,47,2,Order870,Rest0,t2,dt2
871,60,71,Order871,Rest1,t3,dt3
872,27,68,Order872,Rest0,t0,dt0
873,99,85,Order873,Rest1,t1,dt1
874,13,43,Order874,Rest0,t2,dt2
875,43,66,Order875,Rest1,t3,dt3
876,3,55,Order876,Rest0,t0,dt0
877,38,27,Order877,Rest1,t1,dt1
878,98,33,Order878,Rest0,t2,dt2
879,87,22,Order879,Rest1,t3,dt3
880,31,53,Order880,Rest0,t0,dt0
881,23,10,Order881,Rest1,t1,dt1
882,41,69,Order882,Rest0,t2,dt2
883,36,19,Order883,Rest1,t3,dt3
884,25,63,Order884,Rest0,t0,dt0
885,71,63,Order885,Rest1,t1,dt1
886,16,96,Order886,Rest0,t2,dt2
887,10,81,Order887,Rest1,t3,dt3
888,87,51,Order888,Rest0,t0,dt0
889,59,23,Order889,Rest1,t1,dt1
890,37,91,Order890,Rest0,t2,dt2
891,8,70,Order891,Rest1,t3,dt3
892,84,77,Order892,Rest0,t0,dt0
893,29,60,Order893,Rest1,t1,dt1
894,83,96,Order894,Rest0,t2,dt2
895,46,37,Order895,Rest1,t3,dt3
896,85,79,Order896,Rest0,t0,dt0
897,35,70,Order897,Rest1,t1,dt1
898,21,32,Order898,Rest0,t2,dt2
899,80,59,Order899,Rest1,t3,dt3
900,45,63,Order900,Rest0,t0,dt0
901,32,30,Order901,Rest1,t1,dt1
902,14,83,Order902,Rest0,t2,dt2
903,42,76,Order903,Rest1,t3,dt3
904,5,19,Order904,Rest0,t0,dt0
905,3,39,Order905,Rest1,t1,dt1
906,46,47,Order906,Rest0,t2,dt2
907,82,85,Order907,Rest1,t3,dt3
908,98,70,Order908,Rest0,t0,dt0
909,37,29,Order909,Rest1,t1,dt1
910,31,88,Order910,Rest0,t2,dt2
911,21,93,Order911,Rest1,t3,dt3
912,35,77,Order912,Rest0,t0,dt0
913,52,10,Order913,Rest1,t1,dt1
914,91,53,Order914,Rest0,t2,dt2
915,32,48,Order915,Rest1,t3,dt3
916,20,71,Order916,Rest0,t0,dt0
917,52,20,Order917,Rest1,t1,dt1
918,13,66,Order918,Rest0,t2,dt2
919,100,24,Order919,Rest1,t3,dt3
920,77,71,Order920,Rest0,t0,dt0
921,16,77,Order921,Rest1,t1,dt1
922,82,27,Order922,Rest0,t2,dt2
923,41,56,Order923,Rest1,t3,dt3
924,82,91,Order924,Rest0,t0,dt0
925,94,56,Order925,Rest1,t1,dt1
926,17,38,Order926,Rest0,t2,dt2
927,67,70,Order927,Rest1,t3,dt3
928,44,75,Order928,Rest0,t0,dt0
929,69,100,Order929,Rest1,t1,dt1
930,40,12,Order930,Rest0,t2,dt2
931,13,15,Order931,Rest1,t3,dt3
932,15,11,Order932,Rest0,t0,dt0
933,88,3,Order933,Rest1,t1,dt1
934,16,92,Order934,Rest0,t2,dt2
935,64,49,Order935,Rest1,t3,dt3
936,82,61,Order936,Rest0,t0,dt0
937,88,53,Order937,Rest1,t1,dt1
938,81,57,Order938,Rest0,t2,dt2
939,13,58,Order939,Rest1,t3,dt3
940,10,15,Order940,Rest0,t0,dt0
941,22,36,Order941,Rest1,t1,dt1
942,49,7,Order942,Rest0,t2,dt2
943,66,49,Order943,Rest1,t3,dt3
944,54,56,Order944,Rest0,t0,dt0
945,91,18,Order945,Rest1,t1,dt1
946,89,87,Order946,Rest0,t2,dt2
947,50,27,Order947,Rest1,t3,dt3
948,53,49,Order948,Rest0,t0,dt0
949,4,90,Order949,Rest1,t1,dt1
950,1,66,Order950,Rest0,t2,dt2
951,93,65,Order951,Rest1,t3,dt3
952,91,18,Order952,Rest0,t0,dt0
953,64,24,Order953,Rest1,t1,dt1
954,23,87,Order954,Rest0,t2,dt2
955,97,23,Order955,Rest1,t3,dt3
956,78,6,Order956,Rest0,t0,dt0
957,85,79,Order957,Rest1,t1,dt1
958,44,35,Order958,Rest0,t2,dt2
959,54,22,Order959,Rest1,t3,dt3
960,57,62,Order960,Rest0,t0,dt0
961,13,40,Order961,Rest1,t1,dt1
962,51,37,Order962,Rest0,t2,dt2
963,62,85,Order963,Rest1,t3,dt3
964,21,61,Order964,Rest0,t0,dt0
965,36,41,Order965,Rest1,t1,dt1
966,70,27,Order966,Rest0,t2,dt2
967,43,5,Order967,Rest1,t3,dt3
968,19,43,Order968,Rest0,t0,dt0
969,22,21,Order969,Rest1,t1,dt1
970,6,17,Order970,Rest0,t2,dt2
971,67,13,Order971,Rest1,t3,dt3
972,97,26,Order972,Rest0,t0,dt0
973,74,17,Order973,Rest1,t1,dt1
974,33,99,Order974,Rest0,t2,dt2
975,25,77,Order975,Rest1,t3,dt3
976,45,51,Order976,Rest0,t0,dt0
977,10,20,Order977,Rest1,t1,dt1
978,43,59,Order978,Rest0,t2,dt2
979,33,19,Order979,Rest1,t3,dt3
980,66,78,Order980,Rest0,t0,dt0
981,72,81,Order981,Rest1,t1,dt1
982,70,89,Order982,Rest0,t2,dt2
983,43,64,Order983,Rest1,t3,dt3
984,26,58,Order984,Rest0,t0,dt0
985,98,18,Order985,Rest1,t1,dt1
986,35,65,Order986,Rest0,t2,dt2
987,1,47,Order987,Rest1,t3,dt3
988,28,11,Order988,Rest0,t0,dt0
989,27,20,Order989,Rest1,t1,dt1
990,33,41,Order990,Rest0,t2,dt2
991,89,36,Order991,Rest1,t3,dt3
992,71,43,Order992,Rest0,t0,dt0
993,29,95,Order993,Rest1,t1,dt1
994,10,25,Order994,Rest0,t2,dt2
995,75,54,Order995,Rest1,t3,dt3
996,72,31,Order996,Rest0,t0,dt0
997,63,82,Order997,Rest1,t1,dt1
998,50,96,Order998,Rest0,t2,dt2
999,13,67,Order999,Rest1,t3,dt3
